{
  "bins": 20,
  "ECE_abs": 52341.3647294589,
  "ECE_rel": 0.07944785220204538,
  "total_points": 499
}