{
  "state": {
    "Georgia (n=31)": 146021.29129032258,
    "Idaho (n=423)": 104436.46685579196
  },
  "zip_code": {
    "83669 (n=37)": 128542.55837837841,
    "83607 (n=48)": 127652.81312500003,
    "83651 (n=35)": 117256.56999999999,
    "83605 (n=35)": 96316.36114285715,
    "83687 (n=52)": 93597.99403846155,
    "83686 (n=51)": 85200.54745098039,
    "83634 (n=40)": 80403.379,
    "83709 (n=46)": 14867.435000000005
  }
}