group,importance
city,0.47490907
zip_code,0.35538346
state,0.16652586
bath,0.0022786572
house_size,0.0007183903
acre_lot,7.2708106e-05
bed,4.988813e-05
year,4.359555e-05
month,1.84005e-05
